{"cameraMode":{"drawMode":0,"name":"Shaded","section":"Shading Mode"},"sceneLighting":true,"audioPlay":false,"sceneViewState":{"showFog":true,"showMaterialUpdate":false,"showSkybox":true,"showFlares":true,"showImageEffects":true,"showParticleSystems":true},"in2DMode":false,"pivot":{"x":0.8699722290039063,"y":1.888916015625,"z":-2.5390625},"rotation":{"x":0.010500093922019005,"y":-0.0015000689309090376,"z":0.000015128439372347202,"w":0.9999437928199768},"size":7.680553436279297,"orthographic":true}